{
  "total_return_pct": 217.5273798816329,
  "annualised_return_pct": 10.376992013843633,
  "annualised_volatility_pct": 15.838603109674262,
  "sharpe_ratio": 0.576607845029981,
  "sortino_ratio": 0.5489480282573329,
  "max_drawdown_pct": -34.107691131933635,
  "calmar_ratio": 0.30424199555765535,
  "win_rate_pct": 52.79755849440488,
  "avg_trade_return_pct": 0.04534586188167921,
  "num_trades": 56.0,
  "benchmark_return_pct": 25.75100650356159,
  "information_ratio": 0.38069698356395226
}